income_down_1,optimism_1,essential_worker,total_time,news,fox,attention,effort,id,age,age_bin,MTurk_ID,group_id,cCases_1_est_g,cCases_2_est_g,cCases_3_est_g,cCases_1_conf_g,cCases_2_conf_g,cCases_3_conf_g,aCases_1_est_g,aCases_2_est_g,aCases_3_est_g,aCases_1_conf_g,aCases_2_conf_g,aCases_3_conf_g,deaths_1_est_g,deaths_2_est_g,deaths_3_est_g,deaths_1_conf_g,deaths_2_conf_g,deaths_3_conf_g,cCases_1_est_ta,cCases_2_est_ta,cCases_3_est_ta,cCases_1_conf_ta,cCases_2_conf_ta,cCases_3_conf_ta,aCases_1_est_ta,aCases_2_est_ta,aCases_3_est_ta,aCases_1_conf_ta,aCases_2_conf_ta,aCases_3_conf_ta,deaths_1_est_ta,deaths_2_est_ta,deaths_3_est_ta,deaths_1_conf_ta,deaths_2_conf_ta,deaths_3_conf_ta,rt_t,rt_g,rt_ta,prob_of_case,prob_of_hosp,prob_of_death,zip,Gender,gen_health,gen_anxiety,president,edu,edu_mom,start_en,prim_lng,num1,num2,num3,num4,num5,num6,num7,num8,num_mu,cons1,cons2,cons3,cons4,cons5,cons6,cons7,conserv_mu,know_someone,corona_news_1,corona_anxious_1,past_social_iso_1,futur_social_iso_1,risk1,risk2,risk3,risk4,risk5,risk6,risk_mu,time_to_stop_dist,max_new_cases,new,trump,Finished,cCases_1_est,cCases_2_est,cCases_3_est,aCases_1_est,aCases_2_est,aCases_3_est,deaths_1_est,deaths_2_est,deaths_3_est,og_n,new_n
11,4,1,319,12,0,6,10,1,35,middle,A39N2R47D03TZD,ta,NA,NA,NA,NA,NA,NA,NA,NA,NA,NA,NA,NA,NA,NA,NA,NA,NA,NA,400000,410000,420000,98,94,94,400000,410000,420000,99,96,96,45000,46000,47000,96,95,97,NA,NA,NA,6,9,9,85034,2,1,1,Donald Trump,6,5,2,English,0.5,0.5,-2.5,0.5,1.5,1.5,-1.5,1.5,0.25,-2,2,2,-2,-1,1,2,0.2857142857142857,0,96,73,9,94,1,-1,4,1,-0,-1,0.6666666666666666,7,100000,0,3,1,400000,410000,420000,400000,410000,420000,45000,46000,47000,175,117
10,4,2,546,12,0,6,10,2,29,young,A1UTBDKOQ2MKUD,ta,NA,NA,NA,NA,NA,NA,NA,NA,NA,NA,NA,NA,NA,NA,NA,NA,NA,NA,450000,600000,780000,78,56,38,450000,550000,620000,67,52,50,14500,17000,23000,74,64,59,NA,NA,NA,52,18,9,11209,2,1,1,Donald Trump,5,5,0,English,1.5,1.5,1.5,0.5,1.5,1.5,1.5,1.5,1.375,-1,-3,2,-2,-2,0,-2,-1.1428571428571428,1,87,59,23,25,-1,1,1,-1,-1,-1,-0.3333333333333333,7,5000,0,2,1,450000,600000,780000,450000,550000,620000,14500,17000,23000,175,117
10,4,2,381,10,0,6,10,4,57,middle,A2LMM3Y4MYE97S,ta,NA,NA,NA,NA,NA,NA,NA,NA,NA,NA,NA,NA,NA,NA,NA,NA,NA,NA,170000,250000,400000,61,49,36,510000,800000,1200000,71,51,34,16000,24000,65000,81,68,57,NA,NA,NA,5,1,0,53511,2,1,1,Donald Trump,3,2,1,English,-1.5,-0.5,2.5,1.5,2.5,2.5,2.5,2.5,1.5,-3,-4,4,4,-3,-4,-4,-1.4285714285714286,0,100,75,100,100,1,2,2,2,1,1,1.5,4,10000,0,1,1,170000,250000,400000,510000,800000,1200000,16000,24000,65000,175,117
70,3,1,860,12,0,6,9,6,28,young,A3LVO816U4WEEG,ta,NA,NA,NA,NA,NA,NA,NA,NA,NA,NA,NA,NA,NA,NA,NA,NA,NA,NA,425000,590000,650000,78,67,82,525000,705000,890000,77,68,69,14500,15900,17250,56,69,49,NA,NA,NA,65,33,24,80212,1,1,1,Donald trump,5,3,1,English,0.5,1.5,-0.5,0.5,1.5,1.5,0.5,0.5,0.75,2,-2,-1,1,-2,1,2,0.14285714285714285,1,79,43,56,71,2,1,-2,1,1,1,0.6666666666666666,5,1500,0,2,1,425000,590000,650000,525000,705000,890000,14500,15900,17250,175,117
70,5,2,881,6,0,6,8,7,31,middle,A368TMSNZC258J,ta,NA,NA,NA,NA,NA,NA,NA,NA,NA,NA,NA,NA,NA,NA,NA,NA,NA,NA,500000,650000,800000,70,81,85,50000,70000,90000,60,65,50,13000,13500,14500,69,61,55,NA,NA,NA,5,5,2,70113,1,1,1,Donald Trump,5,6,1 year,English,1.5,1.5,1.5,0.5,1.5,1.5,1.5,2.5,1.5,-3,-4,3,-1,-1,-3,2,-1,0,100,100,100,100,-2,-3,-3,-3,3,2,-1,6,1000000,0,3,1,500000,650000,800000,50000,70000,90000,13000,13500,14500,175,117
48,4,2,657,1,0,6,10,8,57,middle,A2X4VVIXBI0HFP,ta,NA,NA,NA,NA,NA,NA,NA,NA,NA,NA,NA,NA,NA,NA,NA,NA,NA,NA,500000,750000,1000000,11,12,9,750000,1000000,1250000,8,7,7,15000,18000,22000,10,9,8,NA,NA,NA,31,2,1,39042,1,1,1,Trump,3,5,0,English,-1.5,-1.5,2.5,2.5,0.5,-2.5,2.5,1.5,0.5,-2,-3,-1,1,-2,1,-2,-1.1428571428571428,0,72,72,98,99,-1,0,0,0,-0,-1,-0.3333333333333333,4,200000,0,1,1,500000,750000,1000000,750000,1000000,1250000,15000,18000,22000,175,117
40,5,1,946,12,0,6,10,9,35,middle,A2JCX1QC4PQLKN,ta,NA,NA,NA,NA,NA,NA,NA,NA,NA,NA,NA,NA,NA,NA,NA,NA,NA,NA,401242,408111,410020,75,84,76,399543,401300,404350,75,74,72,12803,13603,14040,75,79,77,NA,NA,NA,15,16,4,90201,2,1,1,Donald Trump,5,5,3,english,1.5,1.5,1.5,1.5,0.5,-1.5,-1.5,1.5,0.625,1,-1,2,-2,1,1,1,0.42857142857142855,0,83,74,52,56,0,1,1,1,-2,1,0.3333333333333333,6,2054,0,3,1,401242,408111,410020,399543,401300,404350,12803,13603,14040,175,117
81,4,1,588,12,0,6,8,10,52,middle,A3L7UGUUHMOVZ,ta,NA,NA,NA,NA,NA,NA,NA,NA,NA,NA,NA,NA,NA,NA,NA,NA,NA,NA,12,24,48,40,53,70,45,355,3244,52,62,48,23,45,123,60,56,72,NA,NA,NA,70,61,71,33233,2,1,1,donald trump,4,3,2,english,1.5,0.5,1.5,2.5,1.5,1.5,-1.5,2.5,1.25,2,-2,-2,3,-3,2,3,0.42857142857142855,0,82,60,72,67,4,2,2,2,-4,1,1.1666666666666667,5,27869,0,3,1,12,24,48,45,355,3244,23,45,123,175,117
77,4,1,599,12,0,6,8,11,28,young,A1QS9XMNC5TGML,ta,NA,NA,NA,NA,NA,NA,NA,NA,NA,NA,NA,NA,NA,NA,NA,NA,NA,NA,1301,9197,68211,32,51,82,1301,9197,68211,24,40,53,150,5102,12692,28,47,61,NA,NA,NA,54,76,47,89142,1,1,1,donald trump,5,5,2,English,0.5,0.5,1.5,1.5,1.5,1.5,-2.5,1.5,0.75,2,-1,-3,1,-2,3,2,0.2857142857142857,0,74,43,60,32,1,1,2,4,-1,4,1.8333333333333333,6,91000,0,3,1,1301,9197,68211,1301,9197,68211,150,5102,12692,175,117
71,4,1,691,12,0,6,10,12,31,middle,AT60ESWGVSAG9,ta,NA,NA,NA,NA,NA,NA,NA,NA,NA,NA,NA,NA,NA,NA,NA,NA,NA,NA,419000,470000,550000,70,70,70,420000,490000,550000,73,76,72,14000,15000,17000,64,72,69,NA,NA,NA,65,51,78,94596,2,1,1,Donald Trump,6,6,1,English,1.5,0.5,1.5,1.5,0.5,1.5,0.5,0.5,1,1,1,3,-3,-1,-2,3,0.2857142857142857,1,72,28,66,65,1,1,0,1,-1,0,0.3333333333333333,5,30000,0,1,1,419000,470000,550000,420000,490000,550000,14000,15000,17000,175,117
19,5,1,777,12,0,6,10,15,31,middle,A9EFAPTE9L83N,ta,NA,NA,NA,NA,NA,NA,NA,NA,NA,NA,NA,NA,NA,NA,NA,NA,NA,NA,450000,750000,995000,92,69,63,320000,500000,850000,80,68,63,16000,21000,25000,91,82,72,NA,NA,NA,4,2,2,33351,1,1,1,Donal Trump,5,5,1,engllish,0.5,2.5,1.5,0.5,1.5,2.5,-2.5,2.5,1.125,2,-4,-4,1,-1,4,-2,-0.5714285714285714,0,82,59,82,93,-1,-2,-1,1,-2,-2,-1.1666666666666667,5,1200,0,4,1,450000,750000,995000,320000,500000,850000,16000,21000,25000,175,117
18,3,1,648,1,0,6,6,16,32,middle,A2P1WD31HPJXU2,ta,NA,NA,NA,NA,NA,NA,NA,NA,NA,NA,NA,NA,NA,NA,NA,NA,NA,NA,452325,523641,756321,29,46,22,452345,625435,752361,59,68,81,14563,17563,18653,36,48,31,NA,NA,NA,52,45,39,95404,2,1,1,Donald trump,5,4,3,english,1.5,-0.5,0.5,-0.5,0.5,-0.5,-0.5,1.5,0.25,1,-1,1,2,-1,-1,2,0.42857142857142855,0,66,45,25,54,2,-1,1,-1,-1,0,0,4,20000,0,3,1,452325,523641,756321,452345,625435,752361,14563,17563,18653,175,117
31,1,2,690,6,0,6,9,17,59,middle,A3BVSTEODKSODS,ta,NA,NA,NA,NA,NA,NA,NA,NA,NA,NA,NA,NA,NA,NA,NA,NA,NA,NA,500000,750000,1000000,32,32,33,1000000,1500000,2000000,34,35,35,30000,60000,90000,30,31,31,NA,NA,NA,30,19,20,21218,1,1,1,Donald Trump,5,2,0,English,-2.5,-1.5,-1.5,-1.5,0.5,1.5,1.5,1.5,-0.25,-4,-3,-3,-4,-4,-4,-4,-3.7142857142857144,1,92,100,50,51,-2,-2,-2,0,1,-2,-1.1666666666666667,7,5000000,0,1,1,500000,750000,1000000,1000000,1500000,2000000,30000,60000,90000,175,117
64,3,1,1034,2,0,6,7,18,48,middle,AAT2LMF4GLU2G,ta,NA,NA,NA,NA,NA,NA,NA,NA,NA,NA,NA,NA,NA,NA,NA,NA,NA,NA,301,9197,68211,55,72,39,301,9197,68211,41,66,35,38,150,1027,52,68,37,NA,NA,NA,66,44,71,92555,1,1,1,Donald Trump,5,3,6,English,1.5,-0.5,0.5,-1.5,-0.5,1.5,1.5,0.5,0.375,1,2,-1,2,-1,-1,1,0.42857142857142855,1,48,62,34,67,2,-1,0,4,-1,-1,0.5,4,15,0,4,1,301,9197,68211,301,9197,68211,38,150,1027,175,117
0,3,1,466,10,0,6,10,19,70,old,A14ADQ7RUN6TDY,ta,NA,NA,NA,NA,NA,NA,NA,NA,NA,NA,NA,NA,NA,NA,NA,NA,NA,NA,550000,1000000,1250000,19,19,10,750000,1000000,1500000,23,20,11,20000,50000,75000,17,15,15,NA,NA,NA,5,1,1,97131,2,1,1,Trump,5,2,0,English,1.5,1.5,1.5,1.5,1.5,2.5,2.5,2.5,1.875,3,4,-2,3,4,2,4,2.5714285714285716,0,96,9,100,100,0,-2,1,1,2,2,0.6666666666666666,7,100000,0,1,1,550000,1000000,1250000,750000,1000000,1500000,20000,50000,75000,175,117
31,2,2,438,10,0,6,10,20,50,middle,A21Y7K669KM1PR,ta,NA,NA,NA,NA,NA,NA,NA,NA,NA,NA,NA,NA,NA,NA,NA,NA,NA,NA,430000,488000,540000,62,57,49,700000,900000,1100000,52,47,47,19000,24000,29000,33,27,19,NA,NA,NA,54,46,6,60103,1,1,1,Donald Trump,5,2,1,English,1.5,2.5,2.5,2.5,1.5,1.5,-1.5,2.5,1.625,-4,-3,-4,-4,-4,-4,-4,-3.857142857142857,1,69,98,86,86,2,2,1,2,2,2,1.8333333333333333,7,50000,0,2,1,430000,488000,540000,700000,900000,1100000,19000,24000,29000,175,117
33,3,2,1302,3,1,6,10,21,31,middle,A3S1FX080CWBMG,ta,NA,NA,NA,NA,NA,NA,NA,NA,NA,NA,NA,NA,NA,NA,NA,NA,NA,NA,397892,401000,406230,52,58,62,397922,401232,405325,48,47,49,14293,16839,19872,55,55,55,NA,NA,NA,54,40,24,76106,2,1,1,donald trump,6,6,4,english,-0.5,1.5,-0.5,-1.5,0.5,-0.5,-0.5,-0.5,-0.25,3,-1,2,3,1,1,-1,1.1428571428571428,0,39,58,67,87,-2,1,-1,-2,-0,1,-0.5,3,308726,0,3,1,397892,401000,406230,397922,401232,405325,14293,16839,19872,175,117
5,4,1,242,6,0,6,10,22,26,young,A324M5ZRHX7RUV,ta,NA,NA,NA,NA,NA,NA,NA,NA,NA,NA,NA,NA,NA,NA,NA,NA,NA,NA,400000,420000,440000,51,29,18,900000,1000000,12000000,19,14,6,15000,18000,25000,41,26,8,NA,NA,NA,51,30,1,7648,1,1,1,trump,5,3,1,english,-0.5,0.5,-0.5,0.5,0.5,1.5,-1.5,0.5,0.125,-1,-1,2,2,2,0,-1,0.42857142857142855,1,72,93,81,80,1,2,1,1,-0,1,1,6,1000,0,2,1,400000,420000,440000,900000,1000000,12000000,15000,18000,25000,175,117
19,4,2,666,3,1,6,10,23,44,middle,A2FK3TPOTQVTX5,ta,NA,NA,NA,NA,NA,NA,NA,NA,NA,NA,NA,NA,NA,NA,NA,NA,NA,NA,600000,900000,1200000,70,65,59,550000,800000,1000000,62,55,50,14000,16000,18000,79,65,58,NA,NA,NA,10,8,3,75025,2,1,1,Trump,5,2,4,English,0.5,0.5,1.5,1.5,1.5,1.5,1.5,1.5,1.25,-2,-1,-0,-1,-0,-1,1,-0.5714285714285714,0,86,88,99,86,-2,1,0,-1,-2,-2,-1,4,20000,0,3,1,600000,900000,1200000,550000,800000,1000000,14000,16000,18000,175,117
35,5,2,1371,12,0,6,9,24,31,middle,A3UP4PP3ZF1J39,ta,NA,NA,NA,NA,NA,NA,NA,NA,NA,NA,NA,NA,NA,NA,NA,NA,NA,NA,2000,3500,7000,78,72,86,400,700,4000,83,73,86,100,300,1000,92,79,87,NA,NA,NA,15,18,34,30303,2,1,1,Donald Trump,5,6,1,English,-1.5,-0.5,0.5,-0.5,1.5,1.5,-0.5,2.5,0.375,-2,4,2,-1,-2,1,2,0.5714285714285714,0,45,63,49,48,2,1,2,1,-2,0,0.6666666666666666,4,200000,0,1,1,2000,3500,7000,400,700,4000,100,300,1000,175,117
0,4,2,339,9,0,6,10,25,30,middle,A1AINTCOQ7NXLX,ta,NA,NA,NA,NA,NA,NA,NA,NA,NA,NA,NA,NA,NA,NA,NA,NA,NA,NA,500000,700000,1000000,71,61,58,750000,1000000,1300000,38,37,38,15000,20000,25000,72,72,71,NA,NA,NA,10,2,1,8755,2,1,1,Donald Trump,5,4,3,English,0.5,1.5,1.5,1.5,1.5,2.5,1.5,2.5,1.625,-2,-2,1,1,-1,-1,-2,-0.8571428571428571,0,62,28,95,94,-1,-1,-1,-1,1,-1,-0.6666666666666666,7,40000,0,1,1,500000,700000,1000000,750000,1000000,1300000,15000,20000,25000,175,117
0,5,2,1234,3,1,6,10,26,68,old,A35QZFRG4FKK3Z,ta,NA,NA,NA,NA,NA,NA,NA,NA,NA,NA,NA,NA,NA,NA,NA,NA,NA,NA,440000,525000,600000,75,75,75,1300000,1575000,1800000,3,3,3,20000,24000,30000,60,60,60,NA,NA,NA,0,0,0,37042,1,1,1,Trump,6,2,1,English,1.5,1.5,2.5,2.5,2.5,2.5,2.5,2.5,2.25,3,4,4,4,4,4,4,3.857142857142857,0,85,0,100,100,0,-1,0,1,1,4,0.8333333333333334,5,200000,0,4,1,440000,525000,600000,1300000,1575000,1800000,20000,24000,30000,175,117
3,3,1,503,12,0,6,10,27,35,middle,ATGO5J2TL18KM,ta,NA,NA,NA,NA,NA,NA,NA,NA,NA,NA,NA,NA,NA,NA,NA,NA,NA,NA,530000,600000,710000,71,69,72,530000,600000,710000,64,66,59,24000,30000,33000,60,60,61,NA,NA,NA,3,3,2,44851,2,1,1,donald trump,5,5,0,english,-1.5,2.5,-0.5,-2.5,1.5,-0.5,-0.5,-0.5,-0.25,1,2,2,1,-1,1,1,1,0,3,3,2,5,-1,1,-1,2,-0,-2,-0.16666666666666666,4,4000000,0,1,1,530000,600000,710000,530000,600000,710000,24000,30000,33000,175,117
0,5,1,1927,3,1,6,9,28,42,middle,A1LENHSFWGC5EU,ta,NA,NA,NA,NA,NA,NA,NA,NA,NA,NA,NA,NA,NA,NA,NA,NA,NA,NA,500000,750000,1000000,36,25,20,1000000,2000000,2500000,26,18,9,24000,50000,60000,15,10,8,NA,NA,NA,2,3,1,78253,2,1,1,Donald Trump,6,3,0,English,-0.5,0.5,-0.5,0.5,-0.5,0.5,1.5,0.5,0.25,-4,-4,4,-4,-4,-4,-4,-2.857142857142857,0,80,12,80,95,1,-1,-1,0,1,1,0.16666666666666666,5,10000,0,4,1,500000,750000,1000000,1000000,2000000,2500000,24000,50000,60000,175,117
4,4,1,355,8,0,6,10,29,39,middle,A2IBTYRQIZX1N6,ta,NA,NA,NA,NA,NA,NA,NA,NA,NA,NA,NA,NA,NA,NA,NA,NA,NA,NA,453001,673088,819726,52,51,49,783009,956392,1239005,42,40,37,13008,15213,17103,46,45,44,NA,NA,NA,51,29,13,63701,1,1,1,Donald Trump,2,2,1,English,0.5,0.5,1.5,1.5,1.5,2.5,2.5,2.5,1.625,3,4,1,3,3,1,4,2.7142857142857144,1,91,85,95,95,2,1,1,1,2,1,1.3333333333333333,7,13000,0,1,1,453001,673088,819726,783009,956392,1239005,13008,15213,17103,175,117
31,5,1,792,3,1,6,10,32,50,middle,APEQ60QNQ3WQT,ta,NA,NA,NA,NA,NA,NA,NA,NA,NA,NA,NA,NA,NA,NA,NA,NA,NA,NA,420000,500000,580000,74,69,62,600000,700000,800000,80,75,69,14500,18500,22500,77,72,64,NA,NA,NA,8,0,0,21043,2,1,1,Donald Trump,6,6,0,English,2.5,2.5,2.5,2.5,2.5,1.5,1.5,2.5,2.25,1,1,4,3,2,0,2,1.8571428571428572,0,100,81,98,99,0,-2,-2,-2,-0,-1,-1.1666666666666667,6,120,0,3,1,420000,500000,580000,600000,700000,800000,14500,18500,22500,175,117
14,4,2,531,12,0,6,10,33,64,old,A2DD5TYSKNCLA6,ta,NA,NA,NA,NA,NA,NA,NA,NA,NA,NA,NA,NA,NA,NA,NA,NA,NA,NA,490000,520000,550000,42,35,33,500000,625000,750000,29,21,7,15000,19000,24000,58,47,31,NA,NA,NA,1,0,0,97123,2,1,1,Donald J. Trump,6,6,birth,English,2.5,2.5,2.5,2.5,2.5,1.5,1.5,2.5,2.25,-1,-3,2,0,-3,3,-1,-0.42857142857142855,0,81,0,100,97,2,-1,0,1,1,1,0.6666666666666666,7,6200,0,1,1,490000,520000,550000,500000,625000,750000,15000,19000,24000,175,117
1,4,2,535,2,0,6,9,34,59,middle,AVL8NX27320P,ta,NA,NA,NA,NA,NA,NA,NA,NA,NA,NA,NA,NA,NA,NA,NA,NA,NA,NA,440000,500000,550000,76,73,65,1200000,1900000,2400000,59,53,46,15000,20000,24000,69,64,55,NA,NA,NA,20,15,3,22407,2,1,1,Donald Trump,6,5,1,English,0.5,0.5,0.5,1.5,1.5,2.5,2.5,2.5,1.5,1,1,3,1,1,2,1,1.4285714285714286,0,90,30,90,90,-1,-1,0,0,1,-1,-0.3333333333333333,4,100000,0,3,1,440000,500000,550000,1200000,1900000,2400000,15000,20000,24000,175,117
10,2,1,390,3,1,6,9,36,48,middle,A24WQ0ZEGXHX6J,ta,NA,NA,NA,NA,NA,NA,NA,NA,NA,NA,NA,NA,NA,NA,NA,NA,NA,NA,515255,650321,792751,34,22,9,1500000,2150000,2950352,15,11,6,15576,19853,22352,35,27,26,NA,NA,NA,1,1,1,84414,2,1,1,Donald Trump,5,2,0,English,2.5,2.5,2.5,2.5,1.5,1.5,1.5,2.5,2.125,4,2,4,4,-3,4,4,2.7142857142857144,0,45,5,51,51,0,1,-1,0,-0,1,0.16666666666666666,7,5500,0,2,1,515255,650321,792751,1500000,2150000,2950352,15576,19853,22352,175,117
51,3,2,511,3,1,6,10,37,65,old,AXZV4UH3U7A6V,ta,NA,NA,NA,NA,NA,NA,NA,NA,NA,NA,NA,NA,NA,NA,NA,NA,NA,NA,20000,40000,60000,31,64,95,50000,100000,150000,31,64,91,2000,4000,6000,20,42,63,NA,NA,NA,44,60,57,63601,2,1,1,donald trump,5,1,1,english,0.5,-0.5,-0.5,0.5,0.5,0.5,0.5,0.5,0.25,1,-1,-2,1,-2,1,1,-0.14285714285714285,0,66,54,64,49,1,-1,0,1,-0,-1,0,5,52176,0,2,1,20000,40000,60000,50000,100000,150000,2000,4000,6000,175,117
50,4,1,255,2,0,6,10,38,42,middle,A1HB8WVP9ZWLXV,ta,NA,NA,NA,NA,NA,NA,NA,NA,NA,NA,NA,NA,NA,NA,NA,NA,NA,NA,3,6,9,39,41,53,3,6,9,49,14,63,3,6,9,63,21,95,NA,NA,NA,63,86,53,20740,1,1,1,Donald Trump,5,5,42,english,1.5,2.5,0.5,1.5,0.5,1.5,-1.5,0.5,0.875,3,-1,-3,2,-2,2,2,0.42857142857142855,1,100,57,53,78,1,0,1,2,-4,1,0.16666666666666666,7,3000,0,4,1,3,6,9,3,6,9,3,6,9,175,117
63,2,1,700,6,0,6,10,39,26,young,AO6PLHG9VY5X9,ta,NA,NA,NA,NA,NA,NA,NA,NA,NA,NA,NA,NA,NA,NA,NA,NA,NA,NA,397000,399000,401000,85,100,96,395000,397000,398000,64,84,77,13000,15000,18000,73,75,89,NA,NA,NA,58,68,74,8810,2,1,1,Donald Trump,6,6,Born,English,-0.5,1.5,1.5,0.5,1.5,1.5,-0.5,1.5,0.875,4,-1,2,-1,-1,2,2,1,0,69,54,72,83,-3,0,-1,-2,-0,1,-0.8333333333333334,7,3000,0,4,1,397000,399000,401000,395000,397000,398000,13000,15000,18000,175,117
65,4,2,518,1,0,6,9,42,74,old,A1EQLY98F5PJYP,ta,NA,NA,NA,NA,NA,NA,NA,NA,NA,NA,NA,NA,NA,NA,NA,NA,NA,NA,520000,750000,940000,75,78,81,12000,42000,120000,50,51,51,12,60,120,51,52,54,NA,NA,NA,15,15,10,33406,2,1,1,Donald J. Trump,4,2,2,English,0.5,0.5,0.5,0.5,-0.5,-1.5,1.5,0.5,0.25,1,-2,2,0,-0,-2,0,-0.14285714285714285,0,84,84,98,100,0,-2,-1,-1,-1,-1,-1,7,450,0,3,1,520000,750000,940000,12000,42000,120000,12,60,120,175,117
90,5,1,622,1,0,6,9,43,30,middle,A3KH3R0XM1LT9F,ta,NA,NA,NA,NA,NA,NA,NA,NA,NA,NA,NA,NA,NA,NA,NA,NA,NA,NA,1300,3400,9200,85,94,98,1500,2900,7400,78,85,98,38,150,1015,70,82,100,NA,NA,NA,93,90,95,37211,2,1,1,Donald Trump,6,2,5,English,2.5,0.5,2.5,1.5,2.5,1.5,-2.5,1.5,1.25,-3,2,3,-2,4,-2,-3,-0.14285714285714285,0,91,95,83,96,-2,-3,-3,-2,3,-3,-1.6666666666666667,4,222000,0,4,1,1300,3400,9200,1500,2900,7400,38,150,1015,175,117
8,5,2,353,12,0,6,9,44,45,middle,A11WUBFLUXXF4Y,ta,NA,NA,NA,NA,NA,NA,NA,NA,NA,NA,NA,NA,NA,NA,NA,NA,NA,NA,400000,410000,450000,41,25,1,200000,220000,250000,7,3,1,13000,13500,15000,17,10,1,NA,NA,NA,15,7,1,27948,2,1,1,donald trump,6,2,8,english,-0.5,1.5,2.5,2.5,0.5,1.5,-1.5,1.5,1,0,-0,-1,0,-0,-1,0,-0.2857142857142857,0,87,9,92,92,-1,-1,-1,-1,-1,-1,-1,5,10000,0,1,1,400000,410000,450000,200000,220000,250000,13000,13500,15000,175,117
66,5,1,1108,3,1,6,9,48,29,young,ANYB5C13HIKXI,ta,NA,NA,NA,NA,NA,NA,NA,NA,NA,NA,NA,NA,NA,NA,NA,NA,NA,NA,68211,215003,393782,72,84,75,1301,9197,68211,53,74,83,9197,215003,393782,61,81,69,NA,NA,NA,64,76,86,19507,2,1,1,Donald Trump,5,4,5,English,0.5,-0.5,0.5,1.5,0.5,1.5,0.5,0.5,0.625,2,-3,-2,3,-1,3,2,0.5714285714285714,0,70,76,84,65,1,0,-1,0,-1,0,-0.16666666666666666,4,25,0,4,1,68211,215003,393782,1301,9197,68211,9197,215003,393782,175,117
2,4,1,707,12,0,6,7,49,28,young,A2M5CSOXYV3MJJ,ta,NA,NA,NA,NA,NA,NA,NA,NA,NA,NA,NA,NA,NA,NA,NA,NA,NA,NA,4568,61125,402582,78,82,86,4568,61125,402582,78,84,78,70,1089,13258,57,65,45,NA,NA,NA,9,3,2,94107,2,1,1,Trump,5,5,2,english,1.5,0.5,0.5,1.5,0.5,0.5,-0.5,0.5,0.625,1,-1,-1,1,-1,1,1,0.14285714285714285,0,70,2,7,13,2,1,1,1,-1,2,1,7,100,0,3,1,4568,61125,402582,4568,61125,402582,70,1089,13258,175,117
70,5,1,621,6,0,6,10,50,36,middle,A3CUE1YXJ26Z5F,ta,NA,NA,NA,NA,NA,NA,NA,NA,NA,NA,NA,NA,NA,NA,NA,NA,NA,NA,1301,9197,68211,68,61,66,1200,9100,65000,53,76,70,38,150,1027,72,83,79,NA,NA,NA,73,79,63,70805,1,1,1,Donald Trump,5,4,5,English,0.5,1.5,1.5,2.5,1.5,-1.5,-1.5,0.5,0.625,1,-1,-2,2,-2,-2,1,-0.42857142857142855,0,85,63,89,77,2,0,-1,1,2,0,0.6666666666666666,5,500,0,4,1,1301,9197,68211,1200,9100,65000,38,150,1027,175,117
75,4,1,354,3,1,6,8,55,30,middle,A15RTRQ5YO6AUS,ta,NA,NA,NA,NA,NA,NA,NA,NA,NA,NA,NA,NA,NA,NA,NA,NA,NA,NA,600000,1200000,1800000,91,94,96,500000,1000000,2000000,85,92,95,5000000,10000000,20000000,88,95,97,NA,NA,NA,59,69,73,77028,2,1,1,Donald Trump,5,4,1,English,1.5,2.5,1.5,2.5,1.5,2.5,-1.5,1.5,1.5,2,-2,-1,3,-2,3,-2,0.14285714285714285,0,67,76,82,78,-3,-2,-1,-2,3,-2,-1.1666666666666667,7,200000,0,4,1,600000,1200000,1800000,500000,1000000,2000000,5000000,10000000,20000000,175,117
1,5,2,386,12,0,6,9,57,50,middle,A3KF6OE5PDE94V,ta,NA,NA,NA,NA,NA,NA,NA,NA,NA,NA,NA,NA,NA,NA,NA,NA,NA,NA,420000,500000,725000,41,32,22,500000,900000,1300258,41,33,15,14300,15230,16890,59,43,28,NA,NA,NA,60,9,4,55024,2,1,1,Donald Trump,3,2,2,English,-1.5,-1.5,-0.5,-0.5,0.5,0.5,-1.5,0.5,-0.5,3,3,4,3,2,4,3,3.142857142857143,0,92,7,89,88,1,1,1,0,-0,0,0.5,3,3000000,0,2,1,420000,500000,725000,500000,900000,1300258,14300,15230,16890,175,117
0,5,2,604,10,0,6,8,58,65,old,A3K4JTRUZQD096,ta,NA,NA,NA,NA,NA,NA,NA,NA,NA,NA,NA,NA,NA,NA,NA,NA,NA,NA,490000,590000,750000,10,7,4,450000,500000,550000,51,50,51,13000,14000,15000,1,1,1,NA,NA,NA,50,19,5,40391,1,1,1,D J Trump,2,2,2,english,-0.5,0.5,0.5,0.5,0.5,1.5,-1.5,2.5,0.5,4,4,4,4,4,4,4,4,0,81,0,19,9,0,0,-2,0,-0,-2,-0.6666666666666666,1,33,0,4,1,490000,590000,750000,450000,500000,550000,13000,14000,15000,175,117
71,4,2,356,10,0,6,9,59,24,young,A2LMREAO2XRLTM,ta,NA,NA,NA,NA,NA,NA,NA,NA,NA,NA,NA,NA,NA,NA,NA,NA,NA,NA,400000,420000,440000,71,68,65,410000,430000,460000,66,65,62,13500,14500,16000,45,53,51,NA,NA,NA,20,36,36,27282,2,1,1,trump,2,2,2,english,0.5,0.5,0.5,1.5,1.5,-0.5,0.5,-0.5,0.5,1,1,1,-1,-1,-1,0,0,0,51,24,84,83,1,0,0,1,-0,0,0.3333333333333333,7,5000,0,2,1,400000,420000,440000,410000,430000,460000,13500,14500,16000,175,117
30,5,2,507,12,0,6,10,63,51,middle,A2L3X4ZZ0J2DZ2,ta,NA,NA,NA,NA,NA,NA,NA,NA,NA,NA,NA,NA,NA,NA,NA,NA,NA,NA,475000,600000,750000,50,50,49,750000,1000000,1300000,51,51,51,18000,25000,40000,51,50,50,NA,NA,NA,2,1,0,29909,1,1,1,Donald Trump,2,2,13,English,0.5,0.5,1.5,1.5,1.5,1.5,2.5,1.5,1.375,0,-2,3,0,-0,1,1,0.42857142857142855,0,71,90,97,98,0,-1,0,-1,-0,-1,-0.5,5,50000,0,1,1,475000,600000,750000,750000,1000000,1300000,18000,25000,40000,175,117
42,5,2,1129,12,0,6,10,64,59,middle,A2806GFD1HX002,ta,NA,NA,NA,NA,NA,NA,NA,NA,NA,NA,NA,NA,NA,NA,NA,NA,NA,NA,512645,867973,1345286,80,77,87,38000,54342,63432,81,85,86,16234,18975,24678,83,87,88,NA,NA,NA,0,0,0,79009,2,1,1,donald trump,2,4,2,english,2.5,2.5,2.5,2.5,2.5,2.5,2.5,2.5,2.5,-4,-4,4,4,4,-4,4,0.5714285714285714,0,99,92,100,98,-3,-3,-3,-3,3,-3,-2,6,NA,0,1,1,512645,867973,1345286,38000,54342,63432,16234,18975,24678,175,117
56,3,2,306,6,0,6,10,65,44,middle,A2EED3HLTA96CP,ta,NA,NA,NA,NA,NA,NA,NA,NA,NA,NA,NA,NA,NA,NA,NA,NA,NA,NA,750000,1400000,1900000,29,18,9,2000000,3500000,6000000,19,11,5,15000,19000,23000,17,9,5,NA,NA,NA,6,9,11,10014,1,1,1,trump,5,5,0,english,2.5,2.5,2.5,2.5,2.5,2.5,2.5,2.5,2.5,-4,4,4,-4,-4,-2,-4,-1.4285714285714286,1,94,4,100,100,4,0,1,1,-0,-1,0.8333333333333334,7,50000,0,1,1,750000,1400000,1900000,2000000,3500000,6000000,15000,19000,23000,175,117
0,2,1,450,12,0,6,9,66,31,middle,A2ZDXFFGSPHGBE,ta,NA,NA,NA,NA,NA,NA,NA,NA,NA,NA,NA,NA,NA,NA,NA,NA,NA,NA,450000,550000,685000,68,58,48,1200000,1850000,2225000,24,28,25,20000,45000,100000,22,19,23,NA,NA,NA,13,10,0,3275,2,1,1,Donald Trump,5,5,2,English,1.5,2.5,2.5,1.5,2.5,2.5,2.5,2.5,2.25,-3,-4,-0,-4,-4,-2,-4,-3,0,92,62,62,65,-1,2,1,1,3,2,1.3333333333333333,7,30000,0,1,1,450000,550000,685000,1200000,1850000,2225000,20000,45000,100000,175,117
8,3,2,386,5,0,6,8,67,38,middle,A84KYYIRZ3K00,ta,NA,NA,NA,NA,NA,NA,NA,NA,NA,NA,NA,NA,NA,NA,NA,NA,NA,NA,20000,25000,40000,25,28,29,100000,150000,225000,16,20,17,80000,95000,1300000,19,18,18,NA,NA,NA,20,32,13,37620,2,1,1,donald trump,5,5,38,englsih,-0.5,-0.5,0.5,0.5,0.5,0.5,-0.5,0.5,0.125,3,1,1,2,1,1,1,1.4285714285714286,0,78,46,52,56,0,0,1,-1,2,0,0.3333333333333333,5,10000,0,2,1,20000,25000,40000,100000,150000,225000,80000,95000,1300000,175,117
5,4,2,381,12,0,6,10,68,40,middle,A2YACZQ29HF93N,ta,NA,NA,NA,NA,NA,NA,NA,NA,NA,NA,NA,NA,NA,NA,NA,NA,NA,NA,475000,565000,680000,40,32,25,3000000,4000000,5000000,10,10,10,19000,26000,34000,40,32,25,NA,NA,NA,2,1,1,30019,2,1,1,Donald Trump,6,3,0,English,2.5,2.5,2.5,2.5,1.5,1.5,2.5,2.5,2.25,-3,-3,-1,-1,-2,-2,-3,-2.142857142857143,0,50,30,90,90,0,2,2,0,-0,-1,0.5,5,100000,0,1,1,475000,565000,680000,3000000,4000000,5000000,19000,26000,34000,175,117
84,4,1,457,6,0,6,8,69,42,middle,A32S2LELUY8R6K,ta,NA,NA,NA,NA,NA,NA,NA,NA,NA,NA,NA,NA,NA,NA,NA,NA,NA,NA,1301,9197,65211,66,83,86,1301,5200,45000,61,75,91,5000,6000,7500,67,54,80,NA,NA,NA,71,55,72,91724,2,1,1,Donald Trump,5,5,1,English,0.5,-0.5,1.5,0.5,1.5,-0.5,-0.5,1.5,0.5,2,-2,-3,2,-3,1,3,0,1,54,65,46,61,1,-1,1,0,1,1,0.5,4,100000,0,3,1,1301,9197,65211,1301,5200,45000,5000,6000,7500,175,117
8,2,2,738,4,0,6,10,71,61,old,AJ8YRFXUNYNIH,ta,NA,NA,NA,NA,NA,NA,NA,NA,NA,NA,NA,NA,NA,NA,NA,NA,NA,NA,475000,600000,900000,49,50,50,520000,650000,960000,51,50,50,24000,40000,60000,49,48,52,NA,NA,NA,20,18,9,28805,1,1,1,Trump,5,1,1,english,2.5,2.5,2.5,2.5,2.5,2.5,2.5,2.5,2.5,-4,-4,4,4,-4,-4,-4,-1.7142857142857142,0,100,82,100,100,-2,-2,-2,-2,-1,-2,-1.8333333333333333,7,6000000,0,1,1,475000,600000,900000,520000,650000,960000,24000,40000,60000,175,117
0,5,2,1216,3,1,6,10,72,27,young,A1KXESMB9K7504,ta,NA,NA,NA,NA,NA,NA,NA,NA,NA,NA,NA,NA,NA,NA,NA,NA,NA,NA,400000,500000,800000,100,100,100,500000,600000,1000000,100,100,100,15000,20000,40000,100,100,100,NA,NA,NA,0,0,0,53209,2,1,1,Donald Trump,5,5,1,English,0.5,0.5,0.5,0.5,2.5,2.5,2.5,2.5,1.5,-4,-4,4,-4,-4,-4,-4,-2.857142857142857,0,60,0,100,100,-3,-3,-3,-3,-4,-3,-3.1666666666666665,7,3000,0,1,1,400000,500000,800000,500000,600000,1000000,15000,20000,40000,175,117
0,3,2,523,1,0,6,10,73,42,middle,A2U7BMG19Q83GE,ta,NA,NA,NA,NA,NA,NA,NA,NA,NA,NA,NA,NA,NA,NA,NA,NA,NA,NA,425652,452652,475986,69,60,54,425652,452652,475986,65,57,53,15356,21686,35986,50,42,41,NA,NA,NA,29,22,15,33602,2,1,1,Trump,6,5,0,english,1.5,1.5,1.5,1.5,1.5,1.5,-0.5,0.5,1.125,4,-4,-1,-4,-4,1,-4,-1.7142857142857142,0,85,81,91,89,1,4,4,4,3,-3,2.1666666666666665,6,750565,0,1,1,425652,452652,475986,425652,452652,475986,15356,21686,35986,175,117
72,5,2,320,8,0,6,10,74,27,young,A22X6J5V33NZBM,ta,NA,NA,NA,NA,NA,NA,NA,NA,NA,NA,NA,NA,NA,NA,NA,NA,NA,NA,441560,595000,798000,42,44,52,565000,780000,1200000,48,48,48,16500,25000,38000,64,64,66,NA,NA,NA,0,0,0,36869,2,1,1,Trump,5,3,0,English,2.5,2.5,2.5,2.5,2.5,2.5,-1.5,2.5,2,-1,-1,4,1,-1,4,-1,0.7142857142857143,0,68,38,97,91,2,0,2,1,3,0,1.3333333333333333,4,15000,0,2,1,441560,595000,798000,565000,780000,1200000,16500,25000,38000,175,117
0,2,2,518,12,0,6,10,75,33,middle,A38I0E8UK53ME5,ta,NA,NA,NA,NA,NA,NA,NA,NA,NA,NA,NA,NA,NA,NA,NA,NA,NA,NA,450000,650000,850000,60,64,67,500000,700000,800000,54,57,60,15000,16000,17000,48,50,53,NA,NA,NA,30,8,5,35758,1,1,1,Donald Trump,5,5,4,English,-1.5,0.5,2.5,2.5,0.5,1.5,1.5,1.5,1.125,-1,-4,-0,-4,-1,-3,-1,-2,0,60,90,100,100,0,0,0,1,1,-1,0.16666666666666666,5,1000,0,1,1,450000,650000,850000,500000,700000,800000,15000,16000,17000,175,117
0,5,2,382,10,0,6,8,76,31,middle,A2ZO7JHT7TO59V,ta,NA,NA,NA,NA,NA,NA,NA,NA,NA,NA,NA,NA,NA,NA,NA,NA,NA,NA,500000,800000,1200000,20,7,2,1000000,2500000,4000000,9,7,5,15000,18000,20000,31,19,9,NA,NA,NA,8,1,0,80524,1,1,1,Trump,6,4,0,English,0.5,-0.5,-0.5,-1.5,0.5,1.5,-0.5,0.5,0,-4,-4,-1,-4,-0,-2,-4,-2.7142857142857144,0,60,25,90,90,2,0,0,1,1,-1,0.5,7,18000,0,1,1,500000,800000,1200000,1000000,2500000,4000000,15000,18000,20000,175,117
86,5,2,360,12,0,6,9,78,21,young,AWKRAKM7BBQXZ,ta,NA,NA,NA,NA,NA,NA,NA,NA,NA,NA,NA,NA,NA,NA,NA,NA,NA,NA,500000,700000,900000,64,43,58,450000,590000,650000,62,59,70,30000,50000,70000,67,62,53,NA,NA,NA,25,12,7,50014,2,1,1,Donald Trump,4,4,0,English,2.5,2.5,2.5,2.5,0.5,2.5,2.5,2.5,2.25,0,-1,3,0,1,3,0,0.8571428571428571,0,52,32,81,41,0,-2,-2,-1,2,-1,-0.6666666666666666,6,50000,0,3,1,500000,700000,900000,450000,590000,650000,30000,50000,70000,175,117
43,3,2,308,3,1,6,10,79,53,middle,A2I9ZQITLUGSHF,ta,NA,NA,NA,NA,NA,NA,NA,NA,NA,NA,NA,NA,NA,NA,NA,NA,NA,NA,400000,420000,450000,48,58,65,400000,420000,450000,49,46,49,12500,13000,14000,39,38,41,NA,NA,NA,1,2,1,7102,1,1,1,President Donald Trump,5,2,1,english,-0.5,-1.5,-0.5,-0.5,0.5,0.5,0.5,0.5,-0.125,-1,-1,-1,-2,1,0,-1,-0.7142857142857143,1,52,53,84,83,0,0,-1,0,1,0,0,5,NA,0,3,1,400000,420000,450000,400000,420000,450000,12500,13000,14000,175,117
0,4,2,584,1,0,6,10,80,28,young,A9HVP2MLUH38A,ta,NA,NA,NA,NA,NA,NA,NA,NA,NA,NA,NA,NA,NA,NA,NA,NA,NA,NA,410000,450000,470000,50,60,30,450000,500000,525000,70,60,40,15000,20100,25000,80,60,40,NA,NA,NA,0,0,0,30179,1,1,1,Donald Trump,5,2,0,English,-0.5,-0.5,-1.5,1.5,-1.5,-2.5,2.5,-1.5,-0.5,4,4,4,4,-1,4,4,3.2857142857142856,0,50,0,100,100,1,0,0,2,2,-2,0.5,7,1000,0,3,1,410000,450000,470000,450000,500000,525000,15000,20100,25000,175,117
19,3,2,728,12,0,6,10,81,34,middle,A1QXBYE81CP9N9,ta,NA,NA,NA,NA,NA,NA,NA,NA,NA,NA,NA,NA,NA,NA,NA,NA,NA,NA,456000,500000,620000,62,63,64,500000,550000,650000,49,49,50,13000,13500,14000,49,49,51,NA,NA,NA,9,4,1,20146,1,1,1,Donald Trump,5,3,1,English,0.5,0.5,0.5,0.5,1.5,0.5,-0.5,1.5,0.625,3,2,-2,2,3,0,4,1.7142857142857142,0,79,49,80,72,1,0,0,2,-1,0,0.3333333333333333,5,1000,0,3,1,456000,500000,620000,500000,550000,650000,13000,13500,14000,175,117
1,5,2,474,2,0,6,10,82,60,middle,A371H3PQPR2Z8J,ta,NA,NA,NA,NA,NA,NA,NA,NA,NA,NA,NA,NA,NA,NA,NA,NA,NA,NA,450000,550000,630000,50,51,50,500000,620000,800000,51,52,52,18000,21000,35000,50,50,51,NA,NA,NA,6,1,0,44460,2,1,1,Donald Trump,3,5,2,English,-0.5,-0.5,-0.5,-0.5,2.5,1.5,2.5,2.5,0.875,0,1,4,4,4,4,1,2.5714285714285716,0,99,79,100,100,0,0,0,1,2,2,0.8333333333333334,4,8000,0,3,1,450000,550000,630000,500000,620000,800000,18000,21000,35000,175,117
1,5,2,743,12,0,6,10,83,28,young,A264ZZ6XZVJMGF,ta,NA,NA,NA,NA,NA,NA,NA,NA,NA,NA,NA,NA,NA,NA,NA,NA,NA,NA,400543,429443,500034,49,52,69,700040,800000,800500,55,75,80,15667,16000,16800,49,67,88,NA,NA,NA,2,1,0,30303,2,1,1,Donald Trump,5,4,3,English,-1.5,-2.5,-1.5,-1.5,1.5,-2.5,2.5,1.5,-0.5,3,-4,1,-4,2,2,4,0.5714285714285714,0,100,100,100,100,2,-3,-3,-3,3,-3,-1.1666666666666667,5,3200,0,4,1,400543,429443,500034,700040,800000,800500,15667,16000,16800,175,117
0,3,2,403,6,0,6,10,84,28,young,A2IMAGGCST8170,ta,NA,NA,NA,NA,NA,NA,NA,NA,NA,NA,NA,NA,NA,NA,NA,NA,NA,NA,800000,1500000,2200000,74,60,54,4000000,7500000,13000000,55,42,40,24000,40000,75000,76,61,49,NA,NA,NA,28,1,0,98001,1,1,1,Donald Trump,5,6,0,English,2.5,2.5,2.5,2.5,2.5,1.5,-1.5,2.5,1.875,-4,-4,2,-4,-4,-2,-4,-2.857142857142857,0,94,16,95,94,-1,1,0,-2,-2,-1,-0.8333333333333334,7,40000,0,1,1,800000,1500000,2200000,4000000,7500000,13000000,24000,40000,75000,175,117
29,5,2,1062,10,0,6,10,85,36,middle,A3O81LHBBI8NPK,ta,NA,NA,NA,NA,NA,NA,NA,NA,NA,NA,NA,NA,NA,NA,NA,NA,NA,NA,450000,500000,750000,74,66,62,750000,1000000,1500000,75,75,76,13000,15000,17000,69,23,23,NA,NA,NA,30,40,35,37203,1,1,1,Trump,3,2,0,English,0.5,0.5,2.5,2.5,1.5,-0.5,-1.5,0.5,0.75,0,-2,3,0,-0,0,0,0.14285714285714285,0,78,67,90,100,1,0,2,-2,-2,-2,-0.5,7,6500000,0,2,1,450000,500000,750000,750000,1000000,1500000,13000,15000,17000,175,117
0,I agree a lot,Yes,261,Washington Post,0,6,9,94,41,middle,AEF74ZYJTTEIA,g,600000,850000,1200000,40,25,15,1100000,1600000,2300000,20,5,3,20000,50000,1100000,24,10,5,NA,NA,NA,NA,NA,NA,NA,NA,NA,NA,NA,NA,NA,NA,NA,NA,NA,NA,NA,NA,NA,15,1,1,55437,Male,3,1,Trump,4-year degree,Advanced Degree,0,English,2.5,2.5,2.5,2.5,1.5,1.5,1.5,2.5,2.125,-1,-1,-3,-3,2,-3,-1,-1.4285714285714286,1,40,15,75,70,1,-1,-2,-1,-2,-1,-1,2 months,100000,0,Strongly Disapprove,True,600000,850000,1200000,1100000,1600000,2300000,20000,50000,1100000,175,117
0,I agree a little,Yes,504,Fox News,0,6,10,95,48,middle,A26T17KHYA5S3S,g,415000,455000,520000,61,57,55,425000,475000,525000,51,52,53,18000,23000,31000,51,52,53,NA,NA,NA,NA,NA,NA,NA,NA,NA,NA,NA,NA,NA,NA,NA,NA,NA,NA,NA,NA,NA,5,1,1,34479,Male,4,1,Trump,Advanced Degree,High school,1,english,0.5,0.5,0.5,0.5,0.5,1.5,1.5,1.5,0.875,4,4,4,4,4,4,4,4,1,73,24,80,82,1,0,0,0,-1,0,0,2 months,15000,0,Strongly Approve,True,415000,455000,520000,425000,475000,525000,18000,23000,31000,175,117
87,I agree a little,Yes,541,ABC News,0,6,10,96,37,middle,A13UMY3NL33676,g,393795,393806,393845,80,78,87,450235,455623,479256,64,57,66,12696,12701,12709,53,53,56,NA,NA,NA,NA,NA,NA,NA,NA,NA,NA,NA,NA,NA,NA,NA,NA,NA,NA,NA,NA,NA,10,1,1,57788,Female,5,3,trump,High school,High school,1,English,-0.5,0.5,0.5,1.5,1.5,-1.5,-1.5,1.5,0.25,4,3,-0,4,2,0,3,2.2857142857142856,1,62,80,100,100,2,-2,-2,-2,2,-3,-0.8333333333333334,2 months,146,0,Strongly Approve,True,393795,393806,393845,450235,455623,479256,12696,12701,12709,175,117
8,I agree a lot,No,362,New York Times,0,6,10,98,21,young,A1LR3HQEOKAGM6,g,425000,500000,600000,37,31,22,900000,1500000,2800000,25,12,7,15000,23000,30000,40,34,25,NA,NA,NA,NA,NA,NA,NA,NA,NA,NA,NA,NA,NA,NA,NA,NA,NA,NA,NA,NA,NA,5,3,3,75208,Male,4,1,Donald Trump,Some college,Some college,1,English,-2.5,-2.5,-2.5,-2.5,1.5,1.5,1.5,1.5,-0.5,-1,-1,2,1,-1,-2,-1,-0.42857142857142855,1,75,14,100,100,-1,2,2,2,-0,-2,0.5,4 months+,500000,0,Strongly Disapprove,True,425000,500000,600000,900000,1500000,2800000,15000,23000,30000,175,117
79,I agree a little,Yes,380,Fox News,0,6,10,99,64,old,AU5BD5NSSES9H,g,3000000,3300000,3400000,88,90,91,3300000,3500000,3800000,86,82,90,250000,280000,320000,91,96,98,NA,NA,NA,NA,NA,NA,NA,NA,NA,NA,NA,NA,NA,NA,NA,NA,NA,NA,NA,NA,NA,67,80,68,44410,Male,2,3,Donald Trump,Advanced Degree,High school,0,English,0.5,0.5,1.5,1.5,0.5,1.5,-0.5,1.5,0.875,2,2,-0,-1,-2,-2,2,0.14285714285714285,1,77,59,74,67,1,1,0,1,-1,1,0.5,2 months,27000,0,Somewhat Approve,True,3000000,3300000,3400000,3300000,3500000,3800000,250000,280000,320000,175,117
58,I neither agree nor disagree,Yes,790,CBS News,0,6,8,100,49,middle,A171LP458WNH5K,g,301,9197,68211,56,41,68,301,9171,68211,59,41,67,38,150,1027,58,42,65,NA,NA,NA,NA,NA,NA,NA,NA,NA,NA,NA,NA,NA,NA,NA,NA,NA,NA,NA,NA,NA,60,42,74,76209,Female,2,4,Donald Trump,4-year degree,Some college,6,English,0.5,1.5,-1.5,-0.5,1.5,-0.5,-0.5,2.5,0.375,2,-1,-2,-2,-1,-1,1,-0.5714285714285714,1,48,66,33,57,0,2,1,0,1,1,0.8333333333333334,2 months,4,0,Somewhat Approve,True,301,9197,68211,301,9171,68211,38,150,1027,175,117
47,I agree a little,Yes,406,Fox News,0,6,8,101,32,middle,A38UFUOI99XQDR,g,1500,8000,10000,71,60,49,1000,2000,4000,39,36,52,750,800,900,36,39,29,NA,NA,NA,NA,NA,NA,NA,NA,NA,NA,NA,NA,NA,NA,NA,NA,NA,NA,NA,NA,NA,34,66,56,85340,Female,1,3,Donald trump,4-year degree,Some college,4,English,0.5,1.5,2.5,1.5,0.5,1.5,-0.5,1.5,1.125,1,-2,-1,3,-1,2,1,0.42857142857142855,1,39,65,46,81,-3,-2,-1,-2,3,-2,-1.1666666666666667,2 months,2500,0,Strongly Approve,True,1500,8000,10000,1000,2000,4000,750,800,900,175,117
70,I agree a lot,No,909,Washington Post,0,6,9,102,29,young,A36319REQTMSI0,g,500000,650000,700000,72,74,75,500000,650000,700000,87,88,88,17500,18000,20000,82,86,85,NA,NA,NA,NA,NA,NA,NA,NA,NA,NA,NA,NA,NA,NA,NA,NA,NA,NA,NA,NA,NA,2,1,1,98117,Male,5,2,donald trump,4-year degree,4-year degree,1,English,0.5,0.5,0.5,0.5,1.5,-1.5,-1.5,1.5,0.25,-3,-4,4,2,-2,1,-4,-0.8571428571428571,1,100,63,100,100,3,3,-1,0,3,1,1.5,4 months+,500,0,Somewhat Approve,True,500000,650000,700000,500000,650000,700000,17500,18000,20000,175,117
37,I agree a little,Yes,325,Fox News,0,6,7,103,32,middle,A3FNNGJUJS2CUZ,g,2000,4000,8000,29,47,92,1000,2000,3000,19,41,48,900,1000,2000,15,39,63,NA,NA,NA,NA,NA,NA,NA,NA,NA,NA,NA,NA,NA,NA,NA,NA,NA,NA,NA,NA,NA,42,39,63,77477,Female,3,3,Donald Trump,4-year degree,4-year degree,4,English,0.5,1.5,2.5,1.5,0.5,1.5,-0.5,1.5,1.125,2,-1,-2,1,-2,1,2,0.14285714285714285,1,54,74,26,42,-3,-2,-1,-2,3,-2,-1.1666666666666667,2 months,1500,0,Strongly Approve,True,2000,4000,8000,1000,2000,3000,900,1000,2000,175,117
3,I disagree a little,Yes,116,Fox News,0,6,8,104,25,young,A2CUST5RXVF09H,g,100000,100000,100000,1,1,1,100000,100000,100000,1,1,19,50000,50000,50000,18,35,38,NA,NA,NA,NA,NA,NA,NA,NA,NA,NA,NA,NA,NA,NA,NA,NA,NA,NA,NA,NA,NA,0,0,0,30045,Male,4,1,Donald Trump,Some college,2-year degree,2,English,0.5,-2.5,-2.5,-1.5,-2.5,2.5,2.5,-1.5,-0.625,1,-1,-0,0,-0,0,0,0,1,1,0,0,0,-3,-3,-3,-3,3,-2,-1.8333333333333333,1 week,50000,0,Somewhat Disapprove,True,100000,100000,100000,100000,100000,100000,50000,50000,50000,175,117
1,I agree a little,No,806,CNN,0,6,6,108,43,middle,A1GEPABLJSZ8S4,g,405000,469000,493754,81,65,58,482984,493364,500234,42,78,69,12034,13093,13564,64,50,68,NA,NA,NA,NA,NA,NA,NA,NA,NA,NA,NA,NA,NA,NA,NA,NA,NA,NA,NA,NA,NA,45,21,18,30301,Male,4,2,Donald Trump,4-year degree,4-year degree,1,English,1.5,0.5,-0.5,0.5,2.5,1.5,-0.5,-0.5,0.625,-1,2,-0,-1,-1,-1,1,-0.14285714285714285,1,15,27,91,65,2,0,1,-1,-1,1,0.3333333333333333,2 months,400000,0,Strongly Approve,True,405000,469000,493754,482984,493364,500234,12034,13093,13564,175,117
52,I neither agree nor disagree,No,251,Fox News,0,6,10,109,38,middle,A1B5SSGMTAQ9B5,g,400000,405000,410000,86,65,42,405000,410000,425000,77,60,51,13000,13500,14000,69,54,37,NA,NA,NA,NA,NA,NA,NA,NA,NA,NA,NA,NA,NA,NA,NA,NA,NA,NA,NA,NA,NA,5,2,1,32034,Female,4,2,Trump,High school,High school,0,english,-0.5,0.5,0.5,0.5,-0.5,-0.5,-0.5,1.5,0.125,1,2,2,1,3,2,1,1.7142857142857142,1,44,57,95,95,0,-1,-1,-2,-0,-1,-0.8333333333333334,4 weeks,5000,0,Somewhat Approve,True,400000,405000,410000,405000,410000,425000,13000,13500,14000,175,117
64,I agree a little,No,468,Fox News,0,6,9,110,28,young,A12DY4HHG6MYF0,g,450000,500000,600000,75,65,54,400000,425000,450000,49,50,50,15000,20000,25000,50,59,73,NA,NA,NA,NA,NA,NA,NA,NA,NA,NA,NA,NA,NA,NA,NA,NA,NA,NA,NA,NA,NA,1,1,0,60103,Male,4,2,donald trump,2-year degree,High school,2,english,2.5,2.5,2.5,2.5,2.5,2.5,2.5,0.5,2.25,-4,-4,4,-4,-0,4,-4,-1.1428571428571428,1,81,53,100,100,3,3,3,3,-3,0,1.5,4 weeks,50000,0,Strongly Disapprove,True,450000,500000,600000,400000,425000,450000,15000,20000,25000,175,117
34,I agree a little,Yes,596,Washington Post,0,6,8,113,42,middle,A3DYPDGX5U3OJZ,g,3000,6000,10000,41,56,71,2000,2500,5000,47,68,80,500,1000,1200,57,69,77,NA,NA,NA,NA,NA,NA,NA,NA,NA,NA,NA,NA,NA,NA,NA,NA,NA,NA,NA,NA,NA,61,61,78,45417,Female,4,2,Donald Trump,Advanced Degree,4-year degree,2,Engllish,0.5,1.5,0.5,-0.5,1.5,0.5,-1.5,0.5,0.375,-2,1,2,-3,2,-1,-2,-0.42857142857142855,1,83,68,94,85,1,2,1,0,-1,0,0.5,4 weeks,880000,0,Somewhat Approve,True,3000,6000,10000,2000,2500,5000,500,1000,1200,175,117
70,I disagree a little,Yes,914,MSNBC,0,6,10,114,39,middle,A1LTV9MGGQCIT3,g,43000,45500,49000,50,60,80,44500,49000,54000,70,75,85,13000,15500,18500,61,65,80,NA,NA,NA,NA,NA,NA,NA,NA,NA,NA,NA,NA,NA,NA,NA,NA,NA,NA,NA,NA,NA,60,40,5,79936,Male,3,2,Donald Trump,2-year degree,Some high school,1,English,0.5,0.5,2.5,2.5,0.5,1.5,-1.5,1.5,1,1,1,-3,1,1,-1,1,0.14285714285714285,1,91,51,80,80,-1,1,1,0,-0,1,0.3333333333333333,4 months+,925000,0,Strongly Disapprove,True,43000,45500,49000,44500,49000,54000,13000,15500,18500,175,117
83,I agree a little,Yes,361,Fox News,0,6,8,115,26,young,A3BHIT3RV7MGOE,g,68211,215003,393782,81,87,94,200000,300000,400000,73,87,97,1027,5102,12692,74,81,92,NA,NA,NA,NA,NA,NA,NA,NA,NA,NA,NA,NA,NA,NA,NA,NA,NA,NA,NA,NA,NA,78,87,100,73301,Female,4,4,donald trump,4-year degree,4-year degree,3,english,1.5,-1.5,-0.5,2.5,1.5,-0.5,-2.5,0.5,0.125,2,-3,-1,3,-2,3,2,0.5714285714285714,1,68,81,45,91,2,-1,0,-3,-1,3,0,3 months,400000,0,Somewhat Approve,True,68211,215003,393782,200000,300000,400000,1027,5102,12692,175,117
67,I agree a little,Yes,332,CBS News,0,6,9,116,35,middle,AB036D1V69QGV,g,3,6,9,75,60,45,3,6,9,64,66,35,3,6,9,51,40,60,NA,NA,NA,NA,NA,NA,NA,NA,NA,NA,NA,NA,NA,NA,NA,NA,NA,NA,NA,NA,NA,96,61,44,92410,Female,3,2,Donald Trump,4-year degree,4-year degree,35,english,2.5,1.5,0.5,1.5,1.5,2.5,-1.5,2.5,1.375,2,1,-2,2,-2,2,1,0.5714285714285714,1,79,63,70,65,0,1,2,3,-2,1,0.8333333333333334,4 months+,3000,0,Strongly Approve,True,3,6,9,3,6,9,3,6,9,175,117
72,I agree a lot,Yes,371,Fox News,0,6,8,117,32,middle,A3V4SRRO18ELMV,g,498000,630000,945000,64,54,49,590000,645000,890000,81,77,75,15000,23000,32000,76,76,80,NA,NA,NA,NA,NA,NA,NA,NA,NA,NA,NA,NA,NA,NA,NA,NA,NA,NA,NA,NA,NA,28,50,36,80634,Male,1,2,D trump,4-year degree,2-year degree,3,english,1.5,2.5,0.5,1.5,1.5,2.5,-1.5,1.5,1.25,4,-4,-4,1,-3,2,3,-0.14285714285714285,1,44,45,52,73,2,3,1,1,-3,1,0.8333333333333334,2 months,100000,0,Strongly Approve,True,498000,630000,945000,590000,645000,890000,15000,23000,32000,175,117
53,I neither agree nor disagree,Yes,390,ABC News,0,6,7,118,35,middle,A2I2J4F85KYO7D,g,1301,9197,68211,53,70,81,38,150,1027,25,43,55,500,1000,1500,43,61,78,NA,NA,NA,NA,NA,NA,NA,NA,NA,NA,NA,NA,NA,NA,NA,NA,NA,NA,NA,NA,NA,66,70,65,77099,Male,2,2,Donald trump,4-year degree,2-year degree,6,ENGLISH,-0.5,0.5,1.5,1.5,-0.5,-0.5,-0.5,1.5,0.375,2,-3,-1,2,-2,3,2,0.42857142857142855,1,74,65,66,83,-1,0,1,1,-2,2,0.16666666666666666,4 weeks,200000,0,Somewhat Approve,True,1301,9197,68211,38,150,1027,500,1000,1500,175,117
71,I agree a little,Yes,459,NBC News,0,6,9,119,31,middle,AF2SSFUQ7Z7MU,g,10,20,50,25,46,62,10,20,50,32,44,46,10,20,50,17,37,48,NA,NA,NA,NA,NA,NA,NA,NA,NA,NA,NA,NA,NA,NA,NA,NA,NA,NA,NA,NA,NA,81,82,64,11221,Female,4,3,donald trump,4-year degree,4-year degree,1,english,2.5,1.5,2.5,1.5,1.5,1.5,-1.5,1.5,1.375,2,-1,-1,1,-2,2,2,0.42857142857142855,1,51,55,59,84,2,3,2,3,-2,3,1.8333333333333333,4 weeks,700,0,Somewhat Approve,True,10,20,50,10,20,50,10,20,50,175,117
88,I agree a little,Yes,629,CNN,0,6,8,122,30,middle,A27HE87W55LQ0U,g,4500,8500,10000,83,82,88,9000,9197,10000,92,88,89,80,150,180,92,87,87,NA,NA,NA,NA,NA,NA,NA,NA,NA,NA,NA,NA,NA,NA,NA,NA,NA,NA,NA,NA,NA,83,91,88,97467,Male,4,3,Donald Trump,4-year degree,4-year degree,15,English,1.5,0.5,2.5,1.5,1.5,2.5,-0.5,1.5,1.375,2,-2,-3,1,-2,3,2,0.14285714285714285,1,84,92,94,92,2,1,3,1,-2,1,1,2 months,2000,0,Somewhat Approve,True,4500,8500,10000,9000,9197,10000,80,150,180,175,117
47,I agree a lot,Yes,357,CBS News,0,6,10,124,29,young,A3NNW1DLQD3HVH,g,200,400,800,48,37,50,100,300,500,62,74,85,15,20,25,50,53,51,NA,NA,NA,NA,NA,NA,NA,NA,NA,NA,NA,NA,NA,NA,NA,NA,NA,NA,NA,NA,NA,6,10,10,95746,Female,5,1,Trump,Some college,High school,1,English,-2.5,-1.5,-2.5,-2.5,-2.5,-2.5,2.5,-2.5,-1.75,1,-2,-1,1,-1,-1,1,-0.2857142857142857,1,7,55,69,68,-3,-3,-3,-3,3,-3,-2,4 weeks,100000,0,Somewhat Approve,True,200,400,800,100,300,500,15,20,25,175,117
75,I agree a little,Yes,695,CBS News,0,6,10,125,32,middle,A2OVA31QVKTL5Q,g,3,3,3,79,98,95,4,4,4,83,92,86,6,6,6,75,91,84,NA,NA,NA,NA,NA,NA,NA,NA,NA,NA,NA,NA,NA,NA,NA,NA,NA,NA,NA,NA,NA,70,59,70,77056,Male,2,4,donald trumb,4-year degree,4-year degree,32,english,1.5,2.5,1.5,2.5,1.5,2.5,-1.5,2.5,1.625,3,2,-1,2,-3,2,1,0.8571428571428571,1,75,84,62,83,-2,-3,-2,-3,2,-3,-1.8333333333333333,3 weeks,50,0,Strongly Approve,True,3,3,3,4,4,4,6,6,6,175,117
30,I agree a little,Yes,759,Fox News,0,6,8,126,30,middle,A30OZZ8V2W0NQA,g,3000,6197,35000,29,57,80,3000,10000,70000,43,62,93,70,80,500,27,54,76,NA,NA,NA,NA,NA,NA,NA,NA,NA,NA,NA,NA,NA,NA,NA,NA,NA,NA,NA,NA,NA,59,66,70,43604,Male,5,2,trump,4-year degree,4-year degree,2,English,1.5,1.5,0.5,2.5,1.5,2.5,-1.5,0.5,1.125,2,1,-2,-1,4,-1,1,0.5714285714285714,1,61,72,85,78,2,3,0,3,-1,3,1.6666666666666667,2 months,26000,0,Strongly Approve,True,3000,6197,35000,3000,10000,70000,70,80,500,175,117
21,I agree a little,No,500,Fox News,0,6,10,127,55,middle,A2MYLV7DGUL42B,g,420000,490000,600000,60,61,61,500000,600000,700000,62,62,62,15000,20000,25000,60,61,62,NA,NA,NA,NA,NA,NA,NA,NA,NA,NA,NA,NA,NA,NA,NA,NA,NA,NA,NA,NA,NA,50,51,21,43614,Female,4,2,Trump,4-year degree,Advanced Degree,1,English,-0.5,0.5,1.5,1.5,1.5,1.5,1.5,1.5,1.125,3,3,3,3,3,2,3,2.857142857142857,1,80,50,82,70,1,0,0,0,1,1,0.5,2 weeks,10000,0,Somewhat Approve,True,420000,490000,600000,500000,600000,700000,15000,20000,25000,175,117
20,I agree a little,No,487,CBS News,0,6,10,128,63,old,A28LOT01MYVYYJ,g,425000,455000,500000,9,7,3,450000,475000,525000,4,3,2,13000,15000,20000,7,6,5,NA,NA,NA,NA,NA,NA,NA,NA,NA,NA,NA,NA,NA,NA,NA,NA,NA,NA,NA,NA,NA,5,1,1,78411,Male,4,2,Trump,Advanced Degree,High school,birth,English,0.5,1.5,2.5,2.5,2.5,2.5,2.5,2.5,2.125,-3,-4,-1,-3,-4,-1,-4,-2.857142857142857,1,92,35,100,97,1,-1,0,1,1,1,0.5,4 months+,100,0,Strongly Disapprove,True,425000,455000,500000,450000,475000,525000,13000,15000,20000,175,117
0,I agree a lot,Yes,547,ABC News,0,6,10,129,45,middle,A24YK0MTFM2TRL,g,396000,398000,400000,50,50,50,400000,420000,440000,50,50,50,14500,16000,17500,50,50,50,NA,NA,NA,NA,NA,NA,NA,NA,NA,NA,NA,NA,NA,NA,NA,NA,NA,NA,NA,NA,NA,10,1,1,15065,Male,4,1,Donald Trump,4-year degree,2-year degree,1,English,-0.5,-0.5,0.5,0.5,0.5,0.5,0.5,0.5,0.25,-2,-4,2,0,-1,1,-2,-0.8571428571428571,1,83,16,88,88,1,0,1,-1,-1,-1,-0.16666666666666666,2 months,6000,0,Somewhat Disapprove,True,396000,398000,400000,400000,420000,440000,14500,16000,17500,175,117
69,I agree a little,Yes,605,CNN,0,6,8,130,29,young,A2KJC61HA06JEF,g,1301,9197,68211,26,51,81,1301,9197,68211,29,61,91,38,150,1027,29,52,86,NA,NA,NA,NA,NA,NA,NA,NA,NA,NA,NA,NA,NA,NA,NA,NA,NA,NA,NA,NA,NA,81,90,72,90201,Male,4,1,Donald Trump,4-year degree,4-year degree,3,english,1.5,0.5,1.5,1.5,1.5,1.5,-0.5,1.5,1.125,-4,2,-2,2,2,-3,-2,-0.7142857142857143,1,77,91,76,82,2,1,0,1,-1,2,0.8333333333333334,4 weeks,921000,0,Somewhat Approve,True,1301,9197,68211,1301,9197,68211,38,150,1027,175,117
68,I agree a little,Yes,583,CNN,0,6,10,131,53,middle,A16T9ZT6NWB188,g,50480,70000,90000,71,85,79,40000,55000,70000,100,76,87,12800,14000,15000,77,63,79,NA,NA,NA,NA,NA,NA,NA,NA,NA,NA,NA,NA,NA,NA,NA,NA,NA,NA,NA,NA,NA,75,69,64,2370,Male,3,2,Donald Trumb,4-year degree,4-year degree,1,English,1.5,2.5,0.5,2.5,1.5,2.5,-0.5,1.5,1.5,-1,-1,1,1,1,1,1,0.42857142857142855,1,72,58,68,53,3,1,-1,-1,-0,-1,0.16666666666666666,2 months,400,0,Strongly Approve,True,50480,70000,90000,40000,55000,70000,12800,14000,15000,175,117
53,I agree a little,Yes,374,New York Times,0,6,7,132,28,young,AL7RVCQ7N4GQY,g,1500,4500,6000,79,72,61,2500,4500,7000,61,68,77,1234,1345,1567,44,56,83,NA,NA,NA,NA,NA,NA,NA,NA,NA,NA,NA,NA,NA,NA,NA,NA,NA,NA,NA,NA,NA,44,63,38,19111,Male,3,2,Donald Trump,4-year degree,4-year degree,1,English,2.5,0.5,0.5,0.5,2.5,-0.5,-0.5,-0.5,0.625,2,-2,1,1,-1,-1,1,0.14285714285714285,1,31,41,52,67,3,0,-1,-2,-1,2,0.16666666666666666,4 months+,4500,0,Strongly Approve,True,1500,4500,6000,2500,4500,7000,1234,1345,1567,175,117
10,I agree a little,No,378,Other,0,6,9,133,36,middle,A240OTT1T85UGT,g,100,300,900,22,23,19,300,600,900,19,17,18,10,30,90,17,16,15,NA,NA,NA,NA,NA,NA,NA,NA,NA,NA,NA,NA,NA,NA,NA,NA,NA,NA,NA,NA,NA,9,6,4,14086,Male,5,1,trump,4-year degree,4-year degree,0,engl,1.5,1.5,1.5,1.5,1.5,1.5,1.5,1.5,1.5,-1,1,-2,-2,-2,-1,-1,-1.1428571428571428,1,73,22,91,91,-2,2,1,-1,-1,-1,-0.3333333333333333,2 months,1000,0,Somewhat Disapprove,True,100,300,900,300,600,900,10,30,90,175,117
1,I agree a lot,No,530,CBS News,0,6,10,134,52,middle,A1EH9BPKYXFBS5,g,13,45,77,39,40,40,130,450,1700,50,51,52,2,7,23,27,28,29,NA,NA,NA,NA,NA,NA,NA,NA,NA,NA,NA,NA,NA,NA,NA,NA,NA,NA,NA,NA,NA,5,1,1,97230,Female,3,2,trump,Advanced Degree,Advanced Degree,0,english,2.5,2.5,2.5,2.5,1.5,0.5,0.5,2.5,1.875,-3,-4,-0,-2,-4,2,-3,-2,1,85,76,85,91,-2,2,0,0,-1,2,0.16666666666666666,2 months,30000,0,Strongly Disapprove,True,13,45,77,130,450,1700,2,7,23,175,117
0,I agree a little,No,455,New York Times,0,6,9,135,56,middle,A1N3J21E6L4VVO,g,490000,600000,710000,61,50,19,550000,650000,760000,40,29,16,16000,19000,22000,70,60,30,NA,NA,NA,NA,NA,NA,NA,NA,NA,NA,NA,NA,NA,NA,NA,NA,NA,NA,NA,NA,NA,9,8,1,55122,Male,4,2,trump,4-year degree,High school,1,english,0.5,0.5,1.5,1.5,1.5,1.5,-1.5,1.5,0.875,-3,-4,3,-3,-3,1,-3,-1.7142857142857142,1,91,71,70,74,1,1,1,-1,-1,-1,0,4 weeks,45000,0,Strongly Disapprove,True,490000,600000,710000,550000,650000,760000,16000,19000,22000,175,117
1,I agree a little,No,434,New York Times,0,6,10,136,68,old,A2TXC8Q2IFGRXH,g,401000,411000,419000,27,27,27,580000,610000,620000,20,20,20,13580,15000,18319,19,19,18,NA,NA,NA,NA,NA,NA,NA,NA,NA,NA,NA,NA,NA,NA,NA,NA,NA,NA,NA,NA,NA,30,29,31,38122,Male,4,1,Trump,Some college,High school,1,English,0.5,0.5,1.5,1.5,0.5,-0.5,0.5,0.5,0.625,-4,-4,4,-4,-4,-4,-4,-2.857142857142857,1,99,100,75,90,-1,1,0,0,1,-2,-0.16666666666666666,4 months+,2300,0,Strongly Disapprove,True,401000,411000,419000,580000,610000,620000,13580,15000,18319,175,117
100,I disagree a little,No,259,ABC News,0,6,10,137,35,middle,AK0Y6OITL7VGX,g,410000,600000,700000,74,25,26,400000,500000,600000,72,57,28,13000,13500,14000,68,51,40,NA,NA,NA,NA,NA,NA,NA,NA,NA,NA,NA,NA,NA,NA,NA,NA,NA,NA,NA,NA,NA,31,31,3,30663,Female,4,4,Donald Trump,2-year degree,High school,1,english,0.5,0.5,1.5,2.5,1.5,2.5,2.5,2.5,1.75,-1,-1,1,-1,-1,1,1,-0.14285714285714285,1,100,100,73,84,-1,0,0,-1,-1,1,-0.3333333333333333,2 months,110000,0,Somewhat Approve,True,410000,600000,700000,400000,500000,600000,13000,13500,14000,175,117
30,I neither agree nor disagree,No,572,CNN,0,6,10,139,59,middle,A23PQYQ6A2I076,g,42000,45000,48000,30,30,30,45000,48000,51000,30,30,30,20000,25000,30000,20,20,20,NA,NA,NA,NA,NA,NA,NA,NA,NA,NA,NA,NA,NA,NA,NA,NA,NA,NA,NA,NA,NA,50,50,11,35810,Female,3,4,trump,Advanced Degree,Some high school,0,english,-0.5,-0.5,-0.5,-0.5,1.5,1.5,1.5,1.5,0.5,-4,-4,3,-4,-4,-3,-3,-2.7142857142857144,1,71,98,96,97,-3,-3,-3,-3,2,-2,-2,4 weeks,10000,0,Strongly Disapprove,True,42000,45000,48000,45000,48000,51000,20000,25000,30000,175,117
66,I agree a little,Yes,224,Other,0,6,7,140,31,middle,A19YI8PZGYKN6X,g,6000,12000,24000,55,44,71,5000,9000,12000,70,38,55,500,1200,3000,41,33,54,NA,NA,NA,NA,NA,NA,NA,NA,NA,NA,NA,NA,NA,NA,NA,NA,NA,NA,NA,NA,NA,6,31,46,77320,Female,4,2,trump,4-year degree,4-year degree,0,english,1.5,-1.5,0.5,-0.5,-0.5,0.5,-1.5,-0.5,-0.25,2,-1,1,1,-3,2,-2,0,1,28,64,47,86,-1,1,-2,2,1,0,0.16666666666666666,4 weeks,100000,0,Strongly Approve,True,6000,12000,24000,5000,9000,12000,500,1200,3000,175,117
60,I agree a little,Yes,405,Fox News,0,6,8,141,25,young,A36EQ11HKMCZ9Q,g,2500,5000,11500,30,40,50,1500,3000,11500,50,40,50,150,1500,3000,40,50,30,NA,NA,NA,NA,NA,NA,NA,NA,NA,NA,NA,NA,NA,NA,NA,NA,NA,NA,NA,NA,NA,50,40,50,75000,Male,3,4,donalt trumph,4-year degree,4-year degree,4,english,0.5,-0.5,0.5,1.5,1.5,0.5,0.5,0.5,0.625,1,-4,-2,1,-1,0,1,-0.5714285714285714,1,30,50,30,31,1,0,-1,0,-1,0,-0.16666666666666666,4 weeks,526,0,Somewhat Approve,True,2500,5000,11500,1500,3000,11500,150,1500,3000,175,117
72,I agree a little,No,408,CNN,0,6,8,142,45,middle,A1MYJP0JHMTTHV,g,400000,500000,700000,61,61,61,400000,500000,600000,39,40,39,400000,500000,600000,50,51,50,NA,NA,NA,NA,NA,NA,NA,NA,NA,NA,NA,NA,NA,NA,NA,NA,NA,NA,NA,NA,NA,70,65,82,80440,Male,2,3,Donald Trump,2-year degree,2-year degree,1,ENGLISH,0.5,1.5,1.5,1.5,1.5,0.5,-0.5,1.5,1,1,-1,-1,1,-2,1,2,0.14285714285714285,1,72,76,77,80,1,2,3,1,-1,2,1.3333333333333333,3 months,1000000,0,Somewhat Approve,True,400000,500000,700000,400000,500000,600000,400000,500000,600000,175,117
7,I disagree a little,No,537,CNN,0,6,10,144,37,middle,A2VU8AC7MY3721,g,500000,750000,1000000,61,44,30,600000,800000,1200000,65,51,33,15000,17500,20000,60,36,26,NA,NA,NA,NA,NA,NA,NA,NA,NA,NA,NA,NA,NA,NA,NA,NA,NA,NA,NA,NA,NA,21,8,0,14304,Male,4,2,Trump,Advanced Degree,Advanced Degree,1,English,2.5,2.5,2.5,2.5,2.5,2.5,-2.5,2.5,1.875,-1,-1,3,1,2,1,-1,0.5714285714285714,1,52,31,42,42,-1,0,0,1,-0,0,0,2 months,10000,0,Somewhat Disapprove,True,500000,750000,1000000,600000,800000,1200000,15000,17500,20000,175,117
3,I agree a lot,No,443,CNN,0,6,10,145,36,middle,A29KUIEVPK8WB4,g,500000,750000,1105000,61,55,39,650000,1000000,1457000,43,27,16,25000,32000,45000,62,49,34,NA,NA,NA,NA,NA,NA,NA,NA,NA,NA,NA,NA,NA,NA,NA,NA,NA,NA,NA,NA,NA,6,2,0,55155,Male,5,1,Donald Trump,4-year degree,4-year degree,0,English,2.5,2.5,2.5,2.5,2.5,2.5,2.5,2.5,2.5,-1,-3,-0,4,1,0,3,0.5714285714285714,1,69,14,78,67,0,-2,-1,-1,-0,3,-0.16666666666666666,3 months,15000,0,Strongly Disapprove,True,500000,750000,1105000,650000,1000000,1457000,25000,32000,45000,175,117
67,I agree a little,No,329,Other,0,6,8,146,34,middle,A36W1S4Z2LSNTC,g,450000,500000,575000,78,70,62,500000,600000,700000,69,65,60,15000,20000,30000,74,64,57,NA,NA,NA,NA,NA,NA,NA,NA,NA,NA,NA,NA,NA,NA,NA,NA,NA,NA,NA,NA,NA,5,1,1,76182,Female,4,1,Donald Trump,2-year degree,2-year degree,0,english,-0.5,1.5,1.5,1.5,0.5,2.5,1.5,1.5,1.25,-2,-1,2,1,1,3,-2,0.2857142857142857,1,49,29,92,92,1,1,2,0,-1,0,0.5,3 weeks,20000,0,Somewhat Approve,True,450000,500000,575000,500000,600000,700000,15000,20000,30000,175,117
71,I agree a little,Yes,251,Fox News,0,6,7,148,27,young,AS1FX27IZDP8Q,g,25,40,65,75,71,56,40,56,63,72,82,57,50,67,80,55,42,65,NA,NA,NA,NA,NA,NA,NA,NA,NA,NA,NA,NA,NA,NA,NA,NA,NA,NA,NA,NA,NA,76,37,58,21921,Female,4,2,Trump,2-year degree,Some high school,2,English,0.5,0.5,-0.5,0.5,0.5,1.5,-1.5,0.5,0.25,2,-1,-0,-2,1,-1,-1,-0.2857142857142857,1,63,75,66,58,1,1,0,0,-2,-1,-0.16666666666666666,2 months,3000,0,Somewhat Approve,True,25,40,65,40,56,63,50,67,80,175,117
0,I agree a lot,No,832,Fox News,0,6,10,149,40,middle,A1B1DPJRVIAV3L,g,408672,502256,658766,100,100,100,489054,623432,788641,100,100,100,133522,158776,264809,100,100,100,NA,NA,NA,NA,NA,NA,NA,NA,NA,NA,NA,NA,NA,NA,NA,NA,NA,NA,NA,NA,NA,0,0,0,77067,Female,5,1,Trump,4-year degree,High school,2,English,2.5,2.5,2.5,2.5,2.5,-0.5,2.5,2.5,2.125,-4,-4,4,4,2,0,4,0.8571428571428571,1,0,32,100,100,0,-2,-3,-1,3,3,0,4 months+,3500,0,Strongly Approve,True,408672,502256,658766,489054,623432,788641,133522,158776,264809,175,117
30,I agree a lot,Yes,880,New York Times,0,6,10,150,43,middle,A1MUJXYBQ7HOTX,g,468000,588000,776900,34,28,15,468000,588000,776900,24,13,9,1400,1600,1800,20,17,17,NA,NA,NA,NA,NA,NA,NA,NA,NA,NA,NA,NA,NA,NA,NA,NA,NA,NA,NA,NA,NA,4,4,0,77002,Male,5,2,Donald Trump,Advanced Degree,High school,1,English,-0.5,-0.5,0.5,0.5,0.5,0.5,1.5,1.5,0.5,-1,-2,-0,0,-0,0,-1,-0.5714285714285714,1,86,70,30,15,-2,1,1,-1,-1,-1,-0.5,4 months+,3000,0,Somewhat Approve,True,468000,588000,776900,468000,588000,776900,1400,1600,1800,175,117
36,I neither agree nor disagree,Yes,421,Other,0,6,10,151,35,middle,A2E2UARVOVDR9Y,g,398000,400000,405000,0,0,0,600000,605000,610000,0,0,0,12900,13100,13400,0,0,0,NA,NA,NA,NA,NA,NA,NA,NA,NA,NA,NA,NA,NA,NA,NA,NA,NA,NA,NA,NA,NA,36,21,1,33064,Male,4,1,Donald Trump,Some college,High school,2,english,2.5,2.5,2.5,2.5,2.5,1.5,-0.5,2.5,2,-2,-4,-0,1,-4,0,-1,-1.4285714285714286,1,100,26,78,100,-3,2,2,-3,-0,-3,-0.8333333333333334,4 weeks,100000000,0,Strongly Disapprove,True,398000,400000,405000,600000,605000,610000,12900,13100,13400,175,117
8,I agree a little,Yes,201,NBC News,0,6,10,152,22,young,AGWWUXDX6CI38,g,400000,450000,500000,48,46,45,450000,500000,550000,43,39,24,13000,15000,17000,30,26,30,NA,NA,NA,NA,NA,NA,NA,NA,NA,NA,NA,NA,NA,NA,NA,NA,NA,NA,NA,NA,NA,24,19,23,27409,Female,4,2,Trump,4-year degree,4-year degree,1,English,0.5,1.5,1.5,0.5,0.5,0.5,-0.5,0.5,0.625,2,2,-1,1,1,1,1,1,1,27,30,42,50,1,-1,0,1,-0,-1,0,4 weeks,500,0,Somewhat Disapprove,True,400000,450000,500000,450000,500000,550000,13000,15000,17000,175,117
92,I disagree a little,No,472,New York Times,0,6,10,153,42,middle,A3CTXWISODY7D8,g,60000,80000,110000,84,75,52,100000,120000,150000,46,27,20,18000,25000,37500,69,53,33,NA,NA,NA,NA,NA,NA,NA,NA,NA,NA,NA,NA,NA,NA,NA,NA,NA,NA,NA,NA,NA,30,9,8,43201,Male,3,4,Donald Trump,2-year degree,High school,0,English,2.5,2.5,2.5,2.5,0.5,2.5,2.5,2.5,2.25,-2,-3,-3,4,1,-1,-3,-1,1,89,100,86,92,3,-1,2,2,3,1,1.6666666666666667,3 months,50000,0,Strongly Disapprove,True,60000,80000,110000,100000,120000,150000,18000,25000,37500,175,117
1,I agree a little,Yes,552,ABC News,0,6,10,154,30,middle,A184CT4AT79K9J,g,575000,750000,1400000,62,85,52,5750000,7500000,14000000,32,42,23,18000,26000,46000,53,66,42,NA,NA,NA,NA,NA,NA,NA,NA,NA,NA,NA,NA,NA,NA,NA,NA,NA,NA,NA,NA,NA,2,1,1,22443,Male,4,1,Donald J Trump,4-year degree,4-year degree,1,english,1.5,1.5,2.5,2.5,1.5,0.5,0.5,0.5,1.375,3,3,4,4,3,3,3,3.2857142857142856,1,50,9,76,63,2,1,0,2,1,1,1.1666666666666667,3 months,2500000,0,Somewhat Approve,True,575000,750000,1400000,5750000,7500000,14000000,18000,26000,46000,175,117
0,I agree a little,No,666,Fox News,0,6,10,155,31,middle,AC680ARQG8IU1,g,600000,800000,950000,45,40,45,3000000,6000000,10000000,31,29,27,16000,22000,30000,45,41,35,NA,NA,NA,NA,NA,NA,NA,NA,NA,NA,NA,NA,NA,NA,NA,NA,NA,NA,NA,NA,NA,60,1,0,33417,Male,4,4,Donald Trump,4-year degree,Some college,0,English,0.5,0.5,0.5,0.5,1.5,2.5,2.5,1.5,1.25,1,4,1,3,1,1,3,2,1,51,25,71,69,-1,-1,-1,0,-0,-2,-0.8333333333333334,4 weeks,20000,0,Strongly Approve,True,600000,800000,950000,3000000,6000000,10000000,16000,22000,30000,175,117
0,I neither agree nor disagree,No,475,Other,0,6,10,158,32,middle,AIOFZDV1SZ25O,g,410000,450000,500000,50,50,51,1000000,1500000,2000000,50,50,50,15000,17250,20000,50,50,50,NA,NA,NA,NA,NA,NA,NA,NA,NA,NA,NA,NA,NA,NA,NA,NA,NA,NA,NA,NA,NA,50,1,1,10028,Male,4,1,Donald Trump,Advanced Degree,2-year degree,0,English,1.5,1.5,2.5,2.5,0.5,0.5,0.5,1.5,1.375,0,1,-1,-1,-2,-1,0,-0.5714285714285714,1,90,10,95,95,0,1,1,0,-1,-1,0,4 weeks,25000,0,Somewhat Disapprove,True,410000,450000,500000,1000000,1500000,2000000,15000,17250,20000,175,117
0,I agree a little,Yes,515,Other,0,6,10,159,36,middle,AVVO41MC93HGA,g,415000,480000,550000,30,30,30,500000,600000,700000,30,30,30,14000,17000,25000,41,41,41,NA,NA,NA,NA,NA,NA,NA,NA,NA,NA,NA,NA,NA,NA,NA,NA,NA,NA,NA,NA,NA,5,1,1,25309,Female,4,2,Trump,Advanced Degree,4-year degree,0,English,-1.5,-0.5,1.5,1.5,-2.5,2.5,2.5,0.5,0.5,-4,-4,4,-4,-4,-4,-4,-2.857142857142857,1,0,6,91,92,-1,2,2,1,-2,1,0.5,4 weeks,25000,0,Strongly Disapprove,True,415000,480000,550000,500000,600000,700000,14000,17000,25000,175,117
61,I agree a little,No,899,New York Times,0,6,10,160,37,middle,A376MIL4CLLH8R,g,450000,600000,800000,71,82,81,500000,800000,1200000,78,78,79,20000,42000,60000,74,68,69,NA,NA,NA,NA,NA,NA,NA,NA,NA,NA,NA,NA,NA,NA,NA,NA,NA,NA,NA,NA,NA,12,9,2,6033,Female,4,4,Donald Trump,4-year degree,Advanced Degree,1,English,0.5,0.5,1.5,1.5,2.5,2.5,2.5,2.5,1.75,1,2,4,-4,4,3,1,1.5714285714285714,1,100,100,100,100,-1,-2,-2,-2,1,-1,-1.1666666666666667,4 months+,1750000,0,Somewhat Approve,True,450000,600000,800000,500000,800000,1200000,20000,42000,60000,175,117
10,I agree a little,Yes,599,Other,0,6,9,168,60,middle,A1EDN55K4IF2GD,g,1301,9197,68211,49,39,27,1500,10000,75000,67,57,52,38,150,1027,48,37,29,NA,NA,NA,NA,NA,NA,NA,NA,NA,NA,NA,NA,NA,NA,NA,NA,NA,NA,NA,NA,NA,40,29,3,32084,Male,4,2,Donald Trump,4-year degree,4-year degree,1,English,-1.5,-1.5,1.5,0.5,-0.5,-1.5,1.5,0.5,-0.125,4,4,4,4,4,4,-4,2.857142857142857,1,82,32,60,51,0,2,2,1,-2,-2,0.16666666666666666,1 week,10000,0,Strongly Approve,False,1301,9197,68211,1500,10000,75000,38,150,1027,175,117
